id,name,province,district,subdistrict,phone,lat,lng,type,typeAdd,service,capacity,evaluationResult,status,resolved_location,detail
1,โรงพยาบาลส่งเสริมสุขภาพตำบลบ้านกองลอย,เชียงใหม่,ฮอด,บ่อสลี,821684994,18.14822247,98.25037063,สถานบริการสาธารณสุข,รพ.สต.,"ตรวจคัดกรองกลุ่มเสี่ยง/สุขภาพ, น้ำดื่ม, ห้องสุขา, ที่จอดรถ, WIFi",,ผ่าน,VALID_NO_DISTRICT,"บ่อหลวง, อำเภอฮอด, จังหวัดเชียงใหม่, ประเทศไทย",
2,งานสังคมสงเคราะห์ รพ.ส่งเสริมสุขภาพเชียงใหม่,เชียงใหม่,เมืองเชียงใหม่,ช้างคลาน,53276856,18.7725153,98.9894236,อาคารสำนักงาน,,อื่นๆ,22,ยังไม่ได้ตรวจสอบ,VALID,"เทศบาลนครเชียงใหม่, ฟ้าฮ่าม, อำเภอเมืองเชียงใหม่, จังหวัดเชียงใหม่, ประเทศไทย",district=อำเภอเมืองเชียงใหม่
3,รพ.สต.บ้านสหกรณ์,เชียงใหม่,พร้าว,เขื่อนผาก,53475605,19.33707344,99.21754569,สถานบริการสาธารณสุข,รพ.สต.,"ตรวจคัดกรองกลุ่มเสี่ยง/สุขภาพ, น้ำดื่ม, ห้องสุขา, ที่จอดรถ, WIFI",26,ผ่าน,VALID,"บ้านหม้อ, น้ำแพร่, อำเภอพร้าว, จังหวัดเชียงใหม่, ประเทศไทย",district=อำเภอพร้าว
4,โรงพยาบาลส่งเสริมสุขภาพตำบลบ้านบวกครก,เชียงใหม่,หางดง,หนองตอง,53464251,18.61771,98.948478,สถานบริการสาธารณสุข,รพ.สต.,"ตรวจคัดกรองกลุ่มเสี่ยง/สุขภาพ, น้ำดื่ม, ห้องสุขา, ที่จอดรถ, WIFI",54,ผ่าน,VALID,"บ้านเกาะ, บ้านป่าลาน, หนองตองพัฒนา, อำเภอหางดง, จังหวัดเชียงใหม่, 50340, ประเทศไทย",district=อำเภอหางดง
5,อาคารผู้ป่วยนอก โรงพยาบาลสวนปรุง,เชียงใหม่,เมืองเชียงใหม่,หายยา,53908500,18.77997785,98.97909693,สถานบริการสาธารณสุข,,,,ยังไม่ได้ตรวจสอบ,VALID,"เทศบาลนครเชียงใหม่, ฟ้าฮ่าม, อำเภอเมืองเชียงใหม่, จังหวัดเชียงใหม่, ประเทศไทย",district=อำเภอเมืองเชียงใหม่
6,โรงพยาบาลส่งเสริมสุขภาพตำบลบ้านต้นเกว๋น,เชียงใหม่,หางดง,หนองควาย,053-430-758,18.72433013,98.92623619,สถานบริการสาธารณสุข,รพ.สต.,"ตรวจคัดกรองกลุ่มเสี่ยง/สุขภาพ, ห้องสุขา, ที่จอดรถ, WIFI",16,ผ่าน,VALID,"บ้านต้นเกว๋น, หนองควาย, อำเภอหางดง, จังหวัดเชียงใหม่, 50230, ประเทศไทย",district=อำเภอหางดง
8,โรงพยาบาลส่งเสริมสุขภาพตำบลบ้านปางม่วง,เชียงใหม่,แม่แตง,สบเปิง,53111796,19.1065278,98.8323056,สถานบริการสาธารณสุข,รพ.สต.,"ตรวจคัดกรองกลุ่มเสี่ยง/สุขภาพ, น้ำดื่ม, ห้องสุขา, ที่จอดรถ, WIFI",66,ผ่าน,VALID,"บ้านไร่, บ้านล้อง, แม่แตง, อำเภอแม่แตง, จังหวัดเชียงใหม่, 50330, ประเทศไทย",district=อำเภอแม่แตง
9,ศูนย์พัฒนาเด็กเล็กบ้านสันต้นดู่,เชียงใหม่,แม่อาย,ท่าตอน,883021211,20.0660366,99.431499,อาคารสถานพัฒนาเด็กปฐมวัย,,"ที่จอดรถ, WIFI",,ยังไม่ได้ตรวจสอบ,VALID,"บ้านหาดชมภู, อำเภอแม่อาย, จังหวัดเชียงใหม่, ประเทศไทย",district=อำเภอแม่อาย
10,โรงพยาบาลฝาง,เชียงใหม่,ฝาง,เวียง,53451444,19.91398,99.206088,สถานบริการสาธารณสุข,รพท.,,,ยังไม่ได้ตรวจสอบ,VALID,"บ้านสันทราย, สันทราย, อำเภอฝาง, จังหวัดเชียงใหม่, 50110, ประเทศไทย",district=อำเภอฝาง
11,โรงพยาบาลศูนย์อนามัยที่ 1 เชียงใหม่,เชียงใหม่,เมืองเชียงใหม่,ช้างคลาน,53272256,18.78991391,98.97275845,สถานบริการสาธารณสุข,รพช.,ตรวจคัดกรองกลุ่มเสี่ยง/สุขภาพ,26,ยังไม่ได้ตรวจสอบ,VALID,"เทศบาลนครเชียงใหม่, ฟ้าฮ่าม, อำเภอเมืองเชียงใหม่, จังหวัดเชียงใหม่, ประเทศไทย",district=อำเภอเมืองเชียงใหม่
13,โรงพยาบาลสันป่าตอง,เชียงใหม่,สันป่าตอง,ยุหว่า,825631950,18.5961651,98.88591701,ที่พักอาศัย,,WIFI,5,ยังไม่ได้ตรวจสอบ,VALID,"บ้านข่วงมื่น, บ้ากลางทุ่ง, ยุหว่า, อำเภอสันป่าตอง, จังหวัดเชียงใหม่, 50120, ประเทศไทย",district=อำเภอสันป่าตอง
15,โรงพยาบาลส่งเสริมสุขภาพตำบลบ้านแม่หอย,เชียงใหม่,จอมทอง,บ้านหลวง,903300159,18.4886,98.67392,สถานบริการสาธารณสุข,,"ตรวจคัดกรองกลุ่มเสี่ยง/สุขภาพ, น้ำดื่ม, ห้องสุขา, ที่จอดรถ, WIFI",16,ยังไม่ได้ตรวจสอบ,VALID,"บ้านน้ำตกแม่กลาง, บ้านหลวง, อำเภอจอมทอง, จังหวัดเชียงใหม่, 50160, ประเทศไทย",district=อำเภอจอมทอง
16,โรงพยาบาลจอมทอง,เชียงใหม่,จอมทอง,ดอยแก้ว,053341218-9,18.405645,98.673412,สถานบริการสาธารณสุข,รพท.,,,ยังไม่ได้ตรวจสอบ,VALID,"บ้านจอมทอง, จอมทอง, ดอยแก้ว, อำเภอจอมทอง, จังหวัดเชียงใหม่, ประเทศไทย",district=อำเภอจอมทอง
18,โรงพยาบาลศูนย์อนามัยที่ 1 เชียงใหม่,เชียงใหม่,เมืองเชียงใหม่,ช้างคลาน,53272256,18.77242123,98.99566099,สถานบริการสาธารณสุข,รพศ.,"ตรวจคัดกรองกลุ่มเสี่ยง/สุขภาพ, น้ำดื่ม, ห้องสุขา, ที่จอดรถ",100,ยังไม่ได้ตรวจสอบ,VALID,"เทศบาลนครเชียงใหม่, ฟ้าฮ่าม, อำเภอเมืองเชียงใหม่, จังหวัดเชียงใหม่, ประเทศไทย",district=อำเภอเมืองเชียงใหม่
19,โรงพยาบาลส่งเสริมสุขภาพ เชียงใหม่,เชียงใหม่,เมืองเชียงใหม่,ช้างคลาน,053276856 ต่อ117,18.77293962,98.99500398,สถานบริการสาธารณสุข,อื่นๆ (รพ.สังกัดกรมอนามัยชนาด 60 เตียง),"ตรวจคัดกรองกลุ่มเสี่ยง/สุขภาพ, อาหาร, น้ำดื่ม, ห้องสุขา, ที่จอดรถ, WIFI",,ยังไม่ได้ตรวจสอบ,VALID,"เทศบาลนครเชียงใหม่, ฟ้าฮ่าม, อำเภอเมืองเชียงใหม่, จังหวัดเชียงใหม่, ประเทศไทย",district=อำเภอเมืองเชียงใหม่
22,คณะแพทยศาสตร์ มหาวิทยาลัยเชียงใหม่,เชียงใหม่,เมืองเชียงใหม่,ศรีภูมิ,053-934-751,18.7898184,98.9741644,สถานบริการสาธารณสุข,อื่นๆ (โรงเรียนแพทย์ ),อื่นๆ,,ยังไม่ได้ตรวจสอบ,VALID,"เทศบาลนครเชียงใหม่, ฟ้าฮ่าม, อำเภอเมืองเชียงใหม่, จังหวัดเชียงใหม่, ประเทศไทย",district=อำเภอเมืองเชียงใหม่
24,เทศบาลตำบลยางเนิ้ง,เชียงใหม่,สารภี,ยางเนิ้ง,053321420 ต่อ 108,18.71830455,99.02755365,อาคารสำนักงาน,,"น้ำดื่ม, ห้องสุขา, ที่จอดรถ, WIFI",160,ยังไม่ได้ตรวจสอบ,VALID_NO_DISTRICT,"บ้านดงสวรรค์, ยางเนิ้ง, ไชยสถาน, อำเภอสารภี, จังหวัดเชียงใหม่, 50140, ประเทศไทย",
26,ศูนย์พัฒนาเด็กเล็กตำบลไชยสถาน,เชียงใหม่,สารภี,ไชยสถาน,811665970,18.73216203,99.04272017,อาคารสถานศึกษา,,"ตรวจคัดกรองกลุ่มเสี่ยง/สุขภาพ, อาหาร, น้ำดื่ม, ห้องสุขา, ที่จอดรถ, WIFI",50,ยังไม่ได้ตรวจสอบ,VALID_NO_DISTRICT,"บ้านต้นโชค, ยางเนิ้ง, ไชยสถาน, อำเภอสารภี, จังหวัดเชียงใหม่, 50140, ประเทศไทย",
28,โรงพยาบาลฝาง,เชียงใหม่,ฝาง,เวียง,53451444,19.9142,99.2155,สถานบริการสาธารณสุข,รพท.,ห้องสุขา,105,ยังไม่ได้ตรวจสอบ,VALID,"บ้านใหม่ทรายทอง, สันทราย, อำเภอฝาง, จังหวัดเชียงใหม่, 50110, ประเทศไทย",district=อำเภอฝาง
29,โรงพยาบาลส่งเสริมสุขภาพตำบลนาคอเรือ,เชียงใหม่,ฮอด,นาคอเรือ,927392011,18.0694868,98.5485648,สถานบริการสาธารณสุข,รพ.สต.,"ตรวจคัดกรองกลุ่มเสี่ยง/สุขภาพ, น้ำดื่ม, ห้องสุขา, ที่จอดรถ, WIFI",83,ผ่าน,VALID_NO_DISTRICT,"บ้านหลังท่อ, บ้านห้วยฝาง, อำเภอฮอด, จังหวัดเชียงใหม่, ประเทศไทย",
30,โรงพยาบาลส่งเสริมสุขภาพตำบลหนองแฝก,เชียงใหม่,สารภี,หนองแฝก,834851584,18.6946981,99.0208325,สถานบริการสาธารณสุข,รพ.สต.,,33,ผ่าน,VALID_NO_DISTRICT,"บ้านหนองแฝก หมู่ 4, บ้านป่าเก็ดถี, หนองแฝก, อำเภอสารภี, จังหวัดเชียงใหม่, 50140, ประเทศไทย",
31,ศูนย์พัฒนาเด็กเล็กเทศบาลตำบลสำราญราษฎร์ จังหวัดเชียงใหม่,เชียงใหม่,ดอยสะเก็ด,สำราญราษฎร์,-,18.8166515,99.1003684,อาคารสถานพัฒนาเด็กปฐมวัย,,,26,ยังไม่ได้ตรวจสอบ,VALID,"บ้านสันต้นม่วงเหนือ, บ้าน ณัทญาวิวล์ เชียงใหม่, สำราญราษฎร์, อำเภอดอยสะเก็ด, จังหวัดเชียงใหม่, 50220, ประเทศไทย",district=อำเภอดอยสะเก็ด
35,สำนักงานสาธารณสุขอำเภอฝาง,เชียงใหม่,ฝาง,เวียง,53451233,19.91962,99.21266,อาคารสำนักงาน,,"ห้องสุขา, ที่จอดรถ, WIFI",21,ยังไม่ได้ตรวจสอบ,VALID,"บ้านสันทราย, สันทราย, อำเภอฝาง, จังหวัดเชียงใหม่, 50110, ประเทศไทย",district=อำเภอฝาง
36,ห้องประชุมศูนย์ข้อมูลข่าวสาร อบต.ดอนแก้ว,เชียงใหม่,แม่ริม,ดอนแก้ว,053-121585ต่อ 28,18.85673187,98.96879186,ศูนย์ประชุม หอประชุม ห้องประชุม ศูนย์แสดงสินค้า,,"อาหาร, น้ำดื่ม, ห้องสุขา, WIFI",16,ยังไม่ได้ตรวจสอบ,VALID,"บ้านป่ารวก หมู่ 6, เหมืองแก้ว, อำเภอแม่ริม, จังหวัดเชียงใหม่, 50300, ประเทศไทย",district=อำเภอแม่ริม
37,โรงพยาบาลส่งเสริมสุขภาพตำบลบ้านสบหาร,เชียงใหม่,สันป่าตอง,ทุ่งต้อม,53823389,18.628148,98.921746,สถานบริการสาธารณสุข,รพ.สต.,"ตรวจคัดกรองกลุ่มเสี่ยง/สุขภาพ, น้ำดื่ม, ห้องสุขา, ที่จอดรถ, WIFI",10,ผ่าน,VALID,"บ้านสบหาร, ทุ่งต้อม, อำเภอสันป่าตอง, จังหวัดเชียงใหม่, 50340, ประเทศไทย",district=อำเภอสันป่าตอง
40,โรงพยาบาลส่งเสริมสุขภาพตำบลบ้านศรีคำชมภู,เชียงใหม่,สารภี,ป่าบง,650031930,18.73780734,99.05019952,สถานบริการสาธารณสุข,รพ.สต.,"ตรวจคัดกรองกลุ่มเสี่ยง/สุขภาพ, น้ำดื่ม, ห้องสุขา, ที่จอดรถ, WIFI",16,ผ่าน,VALID_NO_DISTRICT,"บ้านต้นโชค, ยางเนิ้ง, ไชยสถาน, อำเภอสารภี, จังหวัดเชียงใหม่, 50140, ประเทศไทย",
41,โรงพยาบาลส่งเสริมสุขภาพตำบลบ้านแม่ฮะ,เชียงใหม่,หางดง,บ้านปง,805011198,18.79524313,98.83693156,สถานบริการสาธารณสุข,รพ.สต.,"ตรวจคัดกรองกลุ่มเสี่ยง/สุขภาพ, น้ำดื่ม, ห้องสุขา, ที่จอดรถ, WIFI",20,ผ่าน,VALID,"บ้านแม่ฮะ, บ้านเก๊าเดื่อ, บ้านปง, อำเภอหางดง, จังหวัดเชียงใหม่, ประเทศไทย",district=อำเภอหางดง
43,โรงพยาบาลส่งเสริมสุขภาพตำบลบ้านท่าต้นกวาว,เชียงใหม่,สารภี,ชมภู,053-438200,18.726912,99.0609408,สถานบริการสาธารณสุข,รพ.สต.,"ตรวจคัดกรองกลุ่มเสี่ยง/สุขภาพ, น้ำดื่ม, ห้องสุขา, ที่จอดรถ, WIFI",9,ผ่าน,VALID_NO_DISTRICT,"บ้านต้นโชค, ยางเนิ้ง, ไชยสถาน, อำเภอสารภี, จังหวัดเชียงใหม่, 50140, ประเทศไทย",
44,ศูนย์พัฒนาเด็กเล็กเทศบาลตำบลหนองแฝก,เชียงใหม่,สารภี,หนองแฝก,053-968-033,18.6946601,99.0214588,อาคารสถานพัฒนาเด็กปฐมวัย,,ไม่มี,66,ยังไม่ได้ตรวจสอบ,VALID_NO_DISTRICT,"บ้านหนองแฝก หมู่ 4, บ้านป่าเก็ดถี, หนองแฝก, อำเภอสารภี, จังหวัดเชียงใหม่, 50140, ประเทศไทย",
45,รพ.สต.บ้านแม่กุ้งหลวง,เชียงใหม่,สันป่าตอง,ทุ่งต้อม,053-312196,18.60945,98.91881,สถานบริการสาธารณสุข,รพ.สต.,"ตรวจคัดกรองกลุ่มเสี่ยง/สุขภาพ, น้ำดื่ม, ห้องสุขา, ที่จอดรถ, WIFI",13,ผ่าน,VALID,"บ้านสันคะยอม, บ้านหนองสะเรียม, ยุหว่า, อำเภอสันป่าตอง, จังหวัดเชียงใหม่, 50120, ประเทศไทย",district=อำเภอสันป่าตอง
46,โรงพยาบาลส่งเสริมสุขภาพตำบลบ้านจอง,เชียงใหม่,เวียงแหง,เปียงหลวง,834803838,19.6229426,98.6380705,สถานบริการสาธารณสุข,,"ตรวจคัดกรองกลุ่มเสี่ยง/สุขภาพ, น้ำดื่ม, ห้องสุขา, ที่จอดรถ, WIFI",21,ยังไม่ได้ตรวจสอบ,VALID_NO_DISTRICT,"Ban Sam Pu, Ban San Duang Di, แสนไห, อำเภอเวียงแหง, จังหวัดเชียงใหม่, ประเทศไทย",
48,รพ.สต.ยางเนิ้ง,เชียงใหม่,สารภี,ยางเนิ้ง,53321416,18.7162967,99.0288323,สถานบริการสาธารณสุข,รพ.สต.,"ตรวจคัดกรองกลุ่มเสี่ยง/สุขภาพ, น้ำดื่ม, ห้องสุขา, ที่จอดรถ, WIFI, อื่นๆ",6,ผ่าน,VALID_NO_DISTRICT,"บ้านดงสวรรค์, ยางเนิ้ง, ไชยสถาน, อำเภอสารภี, จังหวัดเชียงใหม่, 50140, ประเทศไทย",
50,โรงพยาบาลส่งเสริมสุขภาพตำบลบ้านถิ่นสำราญ,เชียงใหม่,ดอยเต่า,ดอยเต่า,659161537,17.92391,98.70883,สถานบริการสาธารณสุข,รพ.สต.,"ตรวจคัดกรองกลุ่มเสี่ยง/สุขภาพ, น้ำดื่ม, ห้องสุขา, ที่จอดรถ, WIFI",10,ผ่าน,VALID,"บ้านแปลง 3, ท่าเดื่อ–มืดกา, อำเภอดอยเต่า, จังหวัดเชียงใหม่, ประเทศไทย",district=อำเภอดอยเต่า
51,โรงพยาบาลส่งเสริมสุขภาพ,เชียงใหม่,เมืองเชียงใหม่,ช้างคลาน,905559076,18.7730337,98.9947856,สถานบริการสาธารณสุข,อื่นๆ (กรมอนามัย),อื่นๆ,,ยังไม่ได้ตรวจสอบ,VALID,"เทศบาลนครเชียงใหม่, ฟ้าฮ่าม, อำเภอเมืองเชียงใหม่, จังหวัดเชียงใหม่, ประเทศไทย",district=อำเภอเมืองเชียงใหม่
55,โรงพยาบาลส่งเสริมสุขภาพตำบลบ้านนาฮ่อง,เชียงใหม่,แม่แจ่ม,แม่ศึก,819935700,18.6881228,98.3369354,สถานบริการสาธารณสุข,รพ.สต.,"น้ำดื่ม, ห้องสุขา, ที่จอดรถ, WIFI, อื่นๆ",,ยังไม่ได้ตรวจสอบ,VALID,"บ้านแมศึก, อำเภอแม่แจ่ม, จังหวัดเชียงใหม่, ประเทศไทย",district=อำเภอแม่แจ่ม
56,เทศบาลตำบลจอมแจ้ง,เชียงใหม่,แม่แตง,ขี้เหล็ก,53372192,19.06686358,98.93797874,ศูนย์ประชุม หอประชุม ห้องประชุม ศูนย์แสดงสินค้า,,"น้ำดื่ม, ห้องสุขา, ที่จอดรถ, WIFI",10,ยังไม่ได้ตรวจสอบ,VALID,"บ้านร่ำเปิง, บ้านหนองโค้ง, จอมแจ้ง, อำเภอแม่แตง, จังหวัดเชียงใหม่, ประเทศไทย",district=อำเภอแม่แตง
58,โรงพยาบาลดอยเต่า,เชียงใหม่,ดอยเต่า,ท่าเดื่อ,53469128,17.950796,98.685954,สถานบริการสาธารณสุข,รพช.,อื่นๆ,23,ยังไม่ได้ตรวจสอบ,VALID,"บ้านแปลง 5, ท่าเดื่อ–มืดกา, อำเภอดอยเต่า, จังหวัดเชียงใหม่, ประเทศไทย",district=อำเภอดอยเต่า
59,ศูนย์พัฒนาเด็กเล็ก อบต.ดอนแก้ว 2 (ห้องที่1),เชียงใหม่,แม่ริม,ดอนแก้ว,53862610,18.87779709,98.96865911,อาคารสถานพัฒนาเด็กปฐมวัย,,ไม่มี,24,ยังไม่ได้ตรวจสอบ,VALID,"หมู่บ้านดารารายณ์, ดอนแก้ววิลเลจ, เหมืองแก้ว, อำเภอแม่ริม, จังหวัดเชียงใหม่, 50290, ประเทศไทย",district=อำเภอแม่ริม
60,รพ.สต.บ้านสันต้นแหน,เชียงใหม่,ดอยสะเก็ด,แม่คือ,841566069,18.78369812,99.10152825,สถานบริการสาธารณสุข,,"ตรวจคัดกรองกลุ่มเสี่ยง/สุขภาพ, น้ำดื่ม, ห้องสุขา",4,ยังไม่ได้ตรวจสอบ,VALID,"บ้านสันต้นแหน, บ้านแม่คือ, แม่คือ, อำเภอดอยสะเก็ด, จังหวัดเชียงใหม่, 50220, ประเทศไทย",district=อำเภอดอยสะเก็ด
61,ศูนย์อนามัยที่1เชียงใหม่,เชียงใหม่,เมืองเชียงใหม่,ช้างคลาน,53276856,18.7732954,98.9948622,สถานบริการสาธารณสุข,รพช.,น้ำดื่ม,6,ยังไม่ได้ตรวจสอบ,VALID,"เทศบาลนครเชียงใหม่, ฟ้าฮ่าม, อำเภอเมืองเชียงใหม่, จังหวัดเชียงใหม่, ประเทศไทย",district=อำเภอเมืองเชียงใหม่
63,โรงพยาบาลส่งเสริมสุขภาพตำบลบ้านโหล่งปง,เชียงใหม่,แม่แจ่ม,กองแขก,896358499,18.318722,98.357444,สถานบริการสาธารณสุข,รพ.สต.,"ตรวจคัดกรองกลุ่มเสี่ยง/สุขภาพ, อาหาร, น้ำดื่ม, ห้องสุขา, ที่จอดรถ, WIFI",,ผ่าน,VALID,"บ้านโหล่งปง, อำเภอแม่แจ่ม, จังหวัดเชียงใหม่, ประเทศไทย",district=อำเภอแม่แจ่ม
66,โรงพยาบาลฝาง,เชียงใหม่,ฝาง,เวียง,53451444,19.91372,99.20642,สถานบริการสาธารณสุข,รพท.,ตรวจคัดกรองกลุ่มเสี่ยง/สุขภาพ,8,ยังไม่ได้ตรวจสอบ,VALID,"บ้านสันทราย, สันทราย, อำเภอฝาง, จังหวัดเชียงใหม่, 50110, ประเทศไทย",district=อำเภอฝาง
67,โรงพยาบาลส่งเสริมสุขภาพตำบลบ้านป่าสา,เชียงใหม่,สารภี,สันทราย,53966041,18.6459047,98.96425073,สถานบริการสาธารณสุข,รพ.สต.,"ตรวจคัดกรองกลุ่มเสี่ยง/สุขภาพ, น้ำดื่ม, ห้องสุขา, ที่จอดรถ",1,ผ่าน,VALID_NO_DISTRICT,"ปากคลอง, สันทรายท่าฉาง, สันทรายมหาวงศ์, อำเภอสารภี, จังหวัดเชียงใหม่, 50340, ประเทศไทย",
69,ศูนย์อนามัยที่ 1 เชียงใหม่,เชียงใหม่,เมืองเชียงใหม่,ช้างคลาน,53272740,18.774608,98.9832095,อาคารสำนักงาน,,ไม่มี,13,ยังไม่ได้ตรวจสอบ,VALID,"เทศบาลนครเชียงใหม่, ฟ้าฮ่าม, อำเภอเมืองเชียงใหม่, จังหวัดเชียงใหม่, ประเทศไทย",district=อำเภอเมืองเชียงใหม่
71,เทศบาลตำบลแม่แรม,เชียงใหม่,แม่ริม,ริมใต้,811122348,18.92073,98.91794,ศูนย์ประชุม หอประชุม ห้องประชุม ศูนย์แสดงสินค้า,,"ห้องสุขา, ที่จอดรถ, WIFI",10,ยังไม่ได้ตรวจสอบ,VALID,"บ้านอัอย, ริมเหนือ, อำเภอแม่ริม, จังหวัดเชียงใหม่, 50180, ประเทศไทย",district=อำเภอแม่ริม
72,เทศบาลตำบลแม่ริม,เชียงใหม่,แม่ริม,ริมใต้,53299523,18.9168,98.9482,ศูนย์ประชุม หอประชุม ห้องประชุม ศูนย์แสดงสินค้า,,"น้ำดื่ม, ห้องสุขา, ที่จอดรถ, WIFI",40,ยังไม่ได้ตรวจสอบ,VALID,"บ้านสุโท, แม่ริม, ริมเหนือ, อำเภอแม่ริม, จังหวัดเชียงใหม่, 50180, ประเทศไทย",district=อำเภอแม่ริม
73,รพ.สต.บ้านป่าแงะ,เชียงใหม่,ดอยสะเก็ด,ตลาดขวัญ,894163996,18.840871,99.08933,สถานบริการสาธารณสุข,,"ตรวจคัดกรองกลุ่มเสี่ยง/สุขภาพ, น้ำดื่ม, ห้องสุขา, ที่จอดรถ, WIFI",50,ยังไม่ได้ตรวจสอบ,VALID,"บ้านป่าดู่, บ้านพยากดอนแก้ว, ตลาดขวัญ, อำเภอดอยสะเก็ด, จังหวัดเชียงใหม่, 50220, ประเทศไทย",district=อำเภอดอยสะเก็ด
74,โรงพยาบาลสันป่าตอง,เชียงใหม่,สันป่าตอง,ยุหว่า,53931700,18.59610566,98.885853,ศูนย์ประชุม หอประชุม ห้องประชุม ศูนย์แสดงสินค้า,,"น้ำดื่ม, WIFI",,ยังไม่ได้ตรวจสอบ,VALID,"บ้านข่วงมื่น, บ้ากลางทุ่ง, ยุหว่า, อำเภอสันป่าตอง, จังหวัดเชียงใหม่, 50120, ประเทศไทย",district=อำเภอสันป่าตอง
75,โรงพยาบาลส่งเสริมสุขภาพ ศูนย์อนามัยที่1เชียงใหม่,เชียงใหม่,เมืองเชียงใหม่,ช้างคลาน,053-276856ต่อ123,18.78996387,98.97490947,สถานบริการสาธารณสุข,อื่นๆ (60เตียง (มารดาหลังคลอดและทารก)),,,ยังไม่ได้ตรวจสอบ,VALID,"เทศบาลนครเชียงใหม่, ฟ้าฮ่าม, อำเภอเมืองเชียงใหม่, จังหวัดเชียงใหม่, ประเทศไทย",district=อำเภอเมืองเชียงใหม่
76,โรงพยาบาลส่งเสริมสุขภาพตำบลบ้านนาเกียน,เชียงใหม่,อมก๋อย,นาเกียน,910047837,17.79871486,98.15312549,สถานบริการสาธารณสุข,,"ตรวจคัดกรองกลุ่มเสี่ยง/สุขภาพ, ห้องสุขา",12,ยังไม่ได้ตรวจสอบ,VALID,"อำเภออมก๋อย, จังหวัดเชียงใหม่, 50310, ประเทศไทย",district=อำเภออมก๋อย
77,ศูนย์พัฒนาเด็กเล็กเทศบาลตำบลหนองตองพัฒนา,เชียงใหม่,หางดง,หนองตอง,897588120,18.62101806,98.94161536,อาคารสถานพัฒนาเด็กปฐมวัย,,ไม่มี,,ยังไม่ได้ตรวจสอบ,VALID,"บ้านหนองบัว, บ้านหนองไคร้เหนือ, หนองตองพัฒนา, อำเภอหางดง, จังหวัดเชียงใหม่, 50340, ประเทศไทย",district=อำเภอหางดง
78,ศูนย์อนามัยที่1 เชียงใหม่,เชียงใหม่,เมืองเชียงใหม่,ช้างคลาน,086-9114560,18.773436,98.9944886,สถานบริการสาธารณสุข,อื่นๆ,"น้ำดื่ม, ห้องสุขา, ที่จอดรถ",,ยังไม่ได้ตรวจสอบ,VALID,"เทศบาลนครเชียงใหม่, ฟ้าฮ่าม, อำเภอเมืองเชียงใหม่, จังหวัดเชียงใหม่, ประเทศไทย",district=อำเภอเมืองเชียงใหม่
80,ศูนย์พัฒนาเด็กเล็ก IT เฉลิมพระเกียรติ บ้านดอนแก้ว,เชียงใหม่,สารภี,ดอนแก้ว,956928390,18.68789,98.99493,อาคารสถานพัฒนาเด็กปฐมวัย,,ไม่มี,,ยังไม่ได้ตรวจสอบ,VALID_NO_DISTRICT,"บ้านนำโจ้, บ้านดอนแก้ว, ดอนแก้ว, อำเภอสารภี, จังหวัดเชียงใหม่, ประเทศไทย",
81,โรงพยาบาลส่งเสริมสุขภาพตำบลบ้านขันแก้ว,เชียงใหม่,หางดง,หารแก้ว,53023364,18.6539929,98.9355845,สถานบริการสาธารณสุข,รพ.สต.,ไม่มี,,ยังไม่ได้ตรวจสอบ,VALID,"Ban Rong Yaeng, หารแก้ว, หนองแก๋ว, อำเภอหางดง, จังหวัดเชียงใหม่, 50340, ประเทศไทย",district=อำเภอหางดง
83,โรงพยาบาลส่งเสริมสุขภาพตำบลบ้านกองแขก,เชียงใหม่,แม่แจ่ม,กองแขก,861933835,18.432127,98.3877584,สถานบริการสาธารณสุข,รพ.สต.,"ห้องสุขา, ที่จอดรถ, WIFI",,ยังไม่ได้ตรวจสอบ,VALID,"บ้านกองแขก, ท่าผา, อำเภอแม่แจ่ม, จังหวัดเชียงใหม่, ประเทศไทย",district=อำเภอแม่แจ่ม
84,ห้องประชุมองค์การบริการส่วนตำบลแม่สา,เชียงใหม่,แม่ริม,แม่สา,53298047,18.90291666,98.94892221,อาคารสำนักงาน,,"ห้องสุขา, ที่จอดรถ, WIFI",36,ยังไม่ได้ตรวจสอบ,VALID,"บ้านสุโท, แม่ริม, ริมเหนือ, อำเภอแม่ริม, จังหวัดเชียงใหม่, 50180, ประเทศไทย",district=อำเภอแม่ริม
85,โรงพยาบาลส่งเสริมสุขภาพตำบลบ้านไร่,เชียงใหม่,หางดง,บ้านแหวน,53431799,18.71485,98.91894,สถานบริการสาธารณสุข,รพ.สต.,"ตรวจคัดกรองกลุ่มเสี่ยง/สุขภาพ, น้ำดื่ม, ห้องสุขา, ที่จอดรถ, WIFI",54,ผ่าน,VALID,"บ้านห้วยเสี้ยว, บ้านดงหลวง, แม่ท่าช้าง, อำเภอหางดง, จังหวัดเชียงใหม่, 50230, ประเทศไทย",district=อำเภอหางดง
87,โรงพยาบาลดอยสะเก็ด,เชียงใหม่,ดอยสะเก็ด,เชิงดอย,053 495 166,18.8796395,99.1345574,สถานบริการสาธารณสุข,,"น้ำดื่ม, ห้องสุขา, ที่จอดรถ",20,ยังไม่ได้ตรวจสอบ,VALID,"บ้านเชิงดอย, ดอยสะเก็ด, ลวงเหนือ, อำเภอดอยสะเก็ด, จังหวัดเชียงใหม่, ประเทศไทย",district=อำเภอดอยสะเก็ด
88,โครงการศึกษาวิจัยและพัฒนาเกษตรกรรมบนพื้นที่สูงของมูลนิธิชัยพัฒนา,เชียงใหม่,ฝาง,โป่งน้ำร้อน,"053452366,0882631309",19.9656679,99.1580854,อาคารสำนักงาน,,"น้ำดื่ม, ห้องสุขา, ที่จอดรถ, WIFI",24,ยังไม่ได้ตรวจสอบ,VALID,"บ้านต้นผึ้ง, สันทราย, อำเภอฝาง, จังหวัดเชียงใหม่, 50110, ประเทศไทย",district=อำเภอฝาง
89,เทศบาลตำบลหนองตองพัฒนา,เชียงใหม่,หางดง,หนองตอง,53464041,18.61696171,98.95111466,ศูนย์ประชุม หอประชุม ห้องประชุม ศูนย์แสดงสินค้า,,ไม่มี,34,ยังไม่ได้ตรวจสอบ,VALID,"บ้านเกาะ, บ้านป่าลาน, หนองตองพัฒนา, อำเภอหางดง, จังหวัดเชียงใหม่, 50340, ประเทศไทย",district=อำเภอหางดง
90,รพ.สต.บ้านท่าโป่ง,เชียงใหม่,สันป่าตอง,บ้านแม,53835513,18.640455,98.828545,สถานบริการสาธารณสุข,รพ.สต.,"ตรวจคัดกรองกลุ่มเสี่ยง/สุขภาพ, ห้องสุขา, ที่จอดรถ",,ยังไม่ได้ตรวจสอบ,VALID,"บ้านน้ำบ่อหลวง, บ้านแม, อำเภอสันป่าตอง, จังหวัดเชียงใหม่, 50120, ประเทศไทย",district=อำเภอสันป่าตอง
92,ร้านขาหมูแป๊ะเบี้ยว,เชียงใหม่,สารภี,ยางเนิ้ง,953632891,18.7113026,99.0327598,อาคารสถานที่จำหน่ายอาหารและเครื่องดื่ม,,"อาหาร, น้ำดื่ม, ห้องสุขา, ที่จอดรถ, WIFI",32,ยังไม่ได้ตรวจสอบ,VALID_NO_DISTRICT,"บ้านดงสวรรค์, ยางเนิ้ง, ไชยสถาน, อำเภอสารภี, จังหวัดเชียงใหม่, 50140, ประเทศไทย",
94,หอผู้ป่วยกรุณา 1,เชียงใหม่,เมืองเชียงใหม่,หายยา,53908500,18.77881987,98.9784322,สถานบริการสาธารณสุข,,,,ยังไม่ได้ตรวจสอบ,VALID,"เทศบาลนครเชียงใหม่, ฟ้าฮ่าม, อำเภอเมืองเชียงใหม่, จังหวัดเชียงใหม่, ประเทศไทย",district=อำเภอเมืองเชียงใหม่
95,โรงพยาบาลส่งเสริมสุขภาพตำบลบ้านใหม่หนองบัว,เชียงใหม่,ไชยปราการ,หนองบัว,53111966,19.71909067,99.09857869,สถานบริการสาธารณสุข,รพ.สต.,ตรวจคัดกรองกลุ่มเสี่ยง/สุขภาพ,40,ยังไม่ได้ตรวจสอบ,VALID,"บ้านใหม่หนองบัว, หนองบัว, อำเภอไชยปราการ, จังหวัดเชียงใหม่, ประเทศไทย",district=อำเภอไชยปราการ
97,โรงพยาบาลส่งเสริมสุขภาพตำบลบ้านสันติวนา,เชียงใหม่,ไชยปราการ,หนองบัว,053-000329,19.744044,99.032825,สถานบริการสาธารณสุข,รพ.สต.,"ตรวจคัดกรองกลุ่มเสี่ยง/สุขภาพ, น้ำดื่ม, ห้องสุขา, WIFI",10,ผ่าน,VALID,"บ้านทำงอบ, หนองบัว, อำเภอไชยปราการ, จังหวัดเชียงใหม่, ประเทศไทย",district=อำเภอไชยปราการ
98,ห้องเอกซเรย์,เชียงใหม่,เมืองเชียงใหม่,ช้างคลาน,897008793,18.77345321,98.99461343,สถานบริการสาธารณสุข,อื่นๆ (กรมอนามัย),"ห้องสุขา, อื่นๆ",13,ยังไม่ได้ตรวจสอบ,VALID,"เทศบาลนครเชียงใหม่, ฟ้าฮ่าม, อำเภอเมืองเชียงใหม่, จังหวัดเชียงใหม่, ประเทศไทย",district=อำเภอเมืองเชียงใหม่
100,โรงพยาบาลส่งเสริมสุขภาพตำบลบ้านบ่อพะแวน,เชียงใหม่,ฮอด,บ่อหลวง,821682299,18.09355839,98.36544743,สถานบริการสาธารณสุข,รพ.สต.,"ตรวจคัดกรองกลุ่มเสี่ยง/สุขภาพ, อาหาร, น้ำดื่ม, ห้องสุขา, ที่จอดรถ, WIFI",15,ยังไม่ได้ตรวจสอบ,VALID_NO_DISTRICT,"บ้านขุน, บ่อหลวง, อำเภอฮอด, จังหวัดเชียงใหม่, ประเทศไทย",
104,หอผู้ป่วยจิระ 1,เชียงใหม่,เมืองเชียงใหม่,หายยา,53908500,18.77886558,98.97974069,สถานบริการสาธารณสุข,,,,ยังไม่ได้ตรวจสอบ,VALID,"เทศบาลนครเชียงใหม่, ฟ้าฮ่าม, อำเภอเมืองเชียงใหม่, จังหวัดเชียงใหม่, ประเทศไทย",district=อำเภอเมืองเชียงใหม่
105,ศูนย์อนามัยที่ 1 เชียงใหม่,เชียงใหม่,เมืองเชียงใหม่,ช้างคลาน,53272740,18.7744101,98.9949476,อาคารสำนักงาน,,ไม่มี,14,ยังไม่ได้ตรวจสอบ,VALID,"เทศบาลนครเชียงใหม่, ฟ้าฮ่าม, อำเภอเมืองเชียงใหม่, จังหวัดเชียงใหม่, ประเทศไทย",district=อำเภอเมืองเชียงใหม่
107,โรงพยาบาลส่งเสริมสุขภาพตำบลบ้านแม่งูด,เชียงใหม่,ฮอด,นาคอเรือ,947603760,18.0379448,98.557413,สถานบริการสาธารณสุข,รพ.สต.,"น้ำดื่ม, ห้องสุขา, ที่จอดรถ, WIFI",16,ยังไม่ได้ตรวจสอบ,VALID_NO_DISTRICT,"บ้านหลังท่อ, บ้านห้วยฝาง, อำเภอฮอด, จังหวัดเชียงใหม่, ประเทศไทย",
108,โรงพยาบาลจอมทอง,เชียงใหม่,จอมทอง,ดอยแก้ว,053341218-9,18.4054562,98.6734307,สถานบริการสาธารณสุข,รพท.,"น้ำดื่ม, ห้องสุขา, ที่จอดรถ",56,ยังไม่ได้ตรวจสอบ,VALID,"บ้านจอมทอง, จอมทอง, ดอยแก้ว, อำเภอจอมทอง, จังหวัดเชียงใหม่, ประเทศไทย",district=อำเภอจอมทอง
113,สำนักงานสาธารณสุขอำเภอจอมทอง,เชียงใหม่,จอมทอง,บ้านหลวง,53341243,18.4173701,98.6767668,สถานบริการสาธารณสุข,อื่นๆ,"น้ำดื่ม, ห้องสุขา, WIFI",64,ยังไม่ได้ตรวจสอบ,VALID,"บ้านจอมทอง, จอมทอง, ดอยแก้ว, อำเภอจอมทอง, จังหวัดเชียงใหม่, ประเทศไทย",district=อำเภอจอมทอง
114,คลินิกทันตกรรม รพ.ส่งเสริมสุขภาพเชียงใหม่,เชียงใหม่,เมืองเชียงใหม่,ช้างคลาน,882606441,18.77371554,98.99368286,สถานบริการสาธารณสุข,รพท.,"ตรวจคัดกรองกลุ่มเสี่ยง/สุขภาพ, น้ำดื่ม, ห้องสุขา, ที่จอดรถ",12,ผ่าน,VALID,"เทศบาลนครเชียงใหม่, ฟ้าฮ่าม, อำเภอเมืองเชียงใหม่, จังหวัดเชียงใหม่, ประเทศไทย",district=อำเภอเมืองเชียงใหม่
115,โรงพยาบาลส่งเสริมสุขภาพตำบลบ้านแม่แฮเหนือ,เชียงใหม่,แม่แจ่ม,แม่นาจร,932701187,18.79033746,98.53158995,สถานบริการสาธารณสุข,รพ.สต.,"อาหาร, น้ำดื่ม, ห้องสุขา, ที่จอดรถ",4,ยังไม่ได้ตรวจสอบ,VALID,"บ้านจันทร์ยาใต้, อำเภอแม่แจ่ม, จังหวัดเชียงใหม่, ประเทศไทย",district=อำเภอแม่แจ่ม
118,ศูนย์พัฒนาเด็กเล็กบ้านห้วยงูกลาง,เชียงใหม่,ฝาง,สันทราย,815307397,19.8913696,99.1742857,อาคารสถานพัฒนาเด็กปฐมวัย,,อื่นๆ,,ยังไม่ได้ตรวจสอบ,VALID,"บ้านสันทราย, สันทราย, อำเภอฝาง, จังหวัดเชียงใหม่, 50110, ประเทศไทย",district=อำเภอฝาง
119,ที่ว่าการอำเภออมก๋อย,เชียงใหม่,อมก๋อย,อมก๋อย,53467026,17.8010912,98.3588039,อาคารสำนักงาน,,"ตรวจคัดกรองกลุ่มเสี่ยง/สุขภาพ, อาหาร, น้ำดื่ม, ห้องสุขา, ที่จอดรถ, WIFI",33,ยังไม่ได้ตรวจสอบ,VALID,"บ้านดง, อมก๋อย, อำเภออมก๋อย, จังหวัดเชียงใหม่, 50310, ประเทศไทย",district=อำเภออมก๋อย
120,รพ.ส่งเสริมสุขภาพเชียงใหม่ ศูนย์อนามัยที่ 1,เชียงใหม่,เมืองเชียงใหม่,ช้างคลาน,053-272740,18.77286186,98.99480615,สถานบริการสาธารณสุข,อื่นๆ,"ตรวจคัดกรองกลุ่มเสี่ยง/สุขภาพ, ห้องสุขา, ที่จอดรถ",,ยังไม่ได้ตรวจสอบ,VALID,"เทศบาลนครเชียงใหม่, ฟ้าฮ่าม, อำเภอเมืองเชียงใหม่, จังหวัดเชียงใหม่, ประเทศไทย",district=อำเภอเมืองเชียงใหม่
122,รพ.สต.บ้านแคว,เชียงใหม่,สารภี,ท่ากว้าง,630293322,18.6523511,98.9973666,ศูนย์ประชุม หอประชุม ห้องประชุม ศูนย์แสดงสินค้า,,"ตรวจคัดกรองกลุ่มเสี่ยง/สุขภาพ, ห้องสุขา, ที่จอดรถ, WIFI",30,ผ่าน,VALID_NO_DISTRICT,"บ้านแควตุ้น, บ้านแคว, ท่ากว้าง, อำเภอสารภี, จังหวัดเชียงใหม่, 51150, ประเทศไทย",
123,โรงพยาบาลส่งเสริมสุขภาพตำบลบ้านแม่แฮใต้,เชียงใหม่,แม่แจ่ม,ปางหินฝน,613624717,18.4301319,98.13926486,สถานบริการสาธารณสุข,รพ.สต.,"ตรวจคัดกรองกลุ่มเสี่ยง/สุขภาพ, น้ำดื่ม, ห้องสุขา, ที่จอดรถ",76,ยังไม่ได้ตรวจสอบ,VALID,"บ้านยางรู, อำเภอแม่แจ่ม, จังหวัดเชียงใหม่, ประเทศไทย",district=อำเภอแม่แจ่ม
124,โรงพยาบาลแม่อาย,เชียงใหม่,แม่อาย,มะลิกา,53459036,20.03885107,99.30234701,สถานบริการสาธารณสุข,รพช.,"ตรวจคัดกรองกลุ่มเสี่ยง/สุขภาพ, น้ำดื่ม, ห้องสุขา, ที่จอดรถ",13,ยังไม่ได้ตรวจสอบ,VALID,"บ้านห้วยปู, อำเภอแม่อาย, จังหวัดเชียงใหม่, 50280, ประเทศไทย",district=อำเภอแม่อาย
125,โรงเรียนเทศบาลตำบลแม่ริม,เชียงใหม่,แม่ริม,ริมใต้,53299523,18.9176614,98.9600366,อาคารสถานพัฒนาเด็กปฐมวัย,,"ตรวจคัดกรองกลุ่มเสี่ยง/สุขภาพ, อาหาร, น้ำดื่ม, ห้องสุขา, ที่จอดรถ, WIFI",48,ยังไม่ได้ตรวจสอบ,VALID,"บ้านสุโท, แม่ริม, ริมเหนือ, อำเภอแม่ริม, จังหวัดเชียงใหม่, 50180, ประเทศไทย",district=อำเภอแม่ริม
126,เทศบาลตำบลสันทราย,เชียงใหม่,ฝาง,สันทราย,902573343,19.8825474,99.215177,อาคารสถานพัฒนาเด็กปฐมวัย,,,,ยังไม่ได้ตรวจสอบ,VALID,"บ้านสันทราย, สันทราย, อำเภอฝาง, จังหวัดเชียงใหม่, 50110, ประเทศไทย",district=อำเภอฝาง
127,โรงพยาบาลส่งเสริมสุขภาพตำบลบ้านสันพระเนตร,เชียงใหม่,สันทราย,สันพระเนตร,52000845,18.80985,99.04155,สถานบริการสาธารณสุข,รพ.สต.,"ตรวจคัดกรองกลุ่มเสี่ยง/สุขภาพ, น้ำดื่ม, ห้องสุขา, ที่จอดรถ, WIFI",8,ผ่าน,VALID,"บ้านกาญจน์กนก 23, หนองจ๊อม, อำเภอสันทราย, จังหวัดเชียงใหม่, 50210, ประเทศไทย",district=อำเภอสันทราย
128,โรงเรียนอนุบาลเทศบาลสันทราย,เชียงใหม่,ฝาง,สันทราย,964198099,19.8825387,99.2151737,อาคารสถานพัฒนาเด็กปฐมวัย,,,,ยังไม่ได้ตรวจสอบ,VALID,"บ้านสันทราย, สันทราย, อำเภอฝาง, จังหวัดเชียงใหม่, 50110, ประเทศไทย",district=อำเภอฝาง
129,เทศบาลตำบลเหมืองแก้ว,เชียงใหม่,แม่ริม,เหมืองแก้ว,053-379540 ต่อ11,18.89676044,98.97673662,อาคารสำนักงาน,,อื่นๆ,30,ยังไม่ได้ตรวจสอบ,VALID,"บ้านทุ่งข้าวหอม, บ้านวังป้อง, เหมืองแก้ว, อำเภอแม่ริม, จังหวัดเชียงใหม่, 50290, ประเทศไทย",district=อำเภอแม่ริม
130,โรงพยาบาลสันป่าตอง,เชียงใหม่,สันป่าตอง,ยุหว่า,825631950,18.5854789,98.8914364,ศูนย์ประชุม หอประชุม ห้องประชุม ศูนย์แสดงสินค้า,,"น้ำดื่ม, ห้องสุขา, ที่จอดรถ, WIFI",22,ยังไม่ได้ตรวจสอบ,VALID,"บ้านข่วงมื่น, บ้ากลางทุ่ง, ยุหว่า, อำเภอสันป่าตอง, จังหวัดเชียงใหม่, 50120, ประเทศไทย",district=อำเภอสันป่าตอง
132,เทศบาลตำบลแม่ริม,เชียงใหม่,แม่ริม,ริมใต้,53299532,18.91596519,98.96091136,อาคารสำนักงาน,,"ตรวจคัดกรองกลุ่มเสี่ยง/สุขภาพ, อาหาร, น้ำดื่ม, ห้องสุขา, ที่จอดรถ, WIFI",40,ยังไม่ได้ตรวจสอบ,VALID,"บ้านสุโท, แม่ริม, ริมเหนือ, อำเภอแม่ริม, จังหวัดเชียงใหม่, 50180, ประเทศไทย",district=อำเภอแม่ริม
133,รพ.สต.บ้านท่าหัด,เชียงใหม่,ฝาง,โป่งน้ำร้อน,53886302,19.936558,99.157713,สถานบริการสาธารณสุข,รพ.สต.,"น้ำดื่ม, ห้องสุขา, ที่จอดรถ, WIFI",10,ยังไม่ได้ตรวจสอบ,VALID,"บ้านต้นผึ้ง, สันทราย, อำเภอฝาง, จังหวัดเชียงใหม่, ประเทศไทย",district=อำเภอฝาง
134,โรงน้ำดื่ม โรงพยาบาลสวนปรุง,เชียงใหม่,เมืองเชียงใหม่,หายยา,53908500,18.7695783,98.9797574,อาคารสำนักงาน,,,,ยังไม่ได้ตรวจสอบ,VALID,"เทศบาลนครเชียงใหม่, ฟ้าฮ่าม, อำเภอเมืองเชียงใหม่, จังหวัดเชียงใหม่, ประเทศไทย",district=อำเภอเมืองเชียงใหม่
137,โรงพยาบาลส่งเสริมสุขภาพตำบลบ้านใหม่ห้วยเฮ๊๊ยะ,เชียงใหม่,จอมทอง,บ้านหลวง,657273534,18.252021,98.312738,สถานบริการสาธารณสุข,รพ.สต.,"ตรวจคัดกรองกลุ่มเสี่ยง/สุขภาพ, น้ำดื่ม, ห้องสุขา, ที่จอดรถ, WIFI",,ยังไม่ได้ตรวจสอบ,VALID_NO_DISTRICT,"บ่อหลวง, อำเภอฮอด, จังหวัดเชียงใหม่, ประเทศไทย",
138,เทศบาลตำบลหนองแฝก,เชียงใหม่,สารภี,หนองแฝก,53968033,18.6865845,99.0295614,อาคารสำนักงาน,,"ตรวจคัดกรองกลุ่มเสี่ยง/สุขภาพ, น้ำดื่ม, ห้องสุขา, ที่จอดรถ, WIFI",24,ยังไม่ได้ตรวจสอบ,VALID_NO_DISTRICT,"บ้านหนองแฝก หมู่ 4, บ้านป่าเก็ดถี, หนองแฝก, อำเภอสารภี, จังหวัดเชียงใหม่, 50140, ประเทศไทย",
139,หอผู้ป่วยขนาน,เชียงใหม่,เมืองเชียงใหม่,หายยา,53908500,18.77973406,98.97855527,สถานบริการสาธารณสุข,,,,ยังไม่ได้ตรวจสอบ,VALID,"เทศบาลนครเชียงใหม่, ฟ้าฮ่าม, อำเภอเมืองเชียงใหม่, จังหวัดเชียงใหม่, ประเทศไทย",district=อำเภอเมืองเชียงใหม่
144,โรงพยาบาลส่งเสริมสุขภาพตำบลบ้านสันทราย,เชียงใหม่,หางดง,หนองแก๋ว,53433735,18.68402642,98.93361006,สถานบริการสาธารณสุข,รพ.สต.,"ตรวจคัดกรองกลุ่มเสี่ยง/สุขภาพ, อื่นๆ",32,ยังไม่ได้ตรวจสอบ,VALID,"บ้านไชยวุฒิ, บ้านต้นไฮ, หนองแก๋ว, อำเภอหางดง, จังหวัดเชียงใหม่, 50230, ประเทศไทย",district=อำเภอหางดง
147,ศูนย์จำหน่าย,เชียงใหม่,เมืองเชียงใหม่,หายยา,53908500,18.77976962,98.979317,สถานบริการสาธารณสุข,,,,ยังไม่ได้ตรวจสอบ,VALID,"เทศบาลนครเชียงใหม่, ฟ้าฮ่าม, อำเภอเมืองเชียงใหม่, จังหวัดเชียงใหม่, ประเทศไทย",district=อำเภอเมืองเชียงใหม่
149,โรงเรียนอนุบาลเทศบาลสันทราย,เชียงใหม่,ฝาง,สันทราย,964198099,19.8825637,99.2151748,อาคารสถานพัฒนาเด็กปฐมวัย,,,,ยังไม่ได้ตรวจสอบ,VALID,"บ้านสันทราย, สันทราย, อำเภอฝาง, จังหวัดเชียงใหม่, 50110, ประเทศไทย",district=อำเภอฝาง
150,โรงเรียนบ้านหนองขี้นกยาง,เชียงใหม่,แม่อาย,แม่นาวาง,931941868,20.02295927,99.375641,อาคารสถานศึกษา,,ไม่มี,26,ยังไม่ได้ตรวจสอบ,VALID,"บ้านหนองขี้นกยาง, อำเภอแม่อาย, จังหวัดเชียงใหม่, ประเทศไทย",district=อำเภอแม่อาย
152,หน่วยวิจัยเพื่อการจัดการพลังงานและเศรษฐนิเวศ,เชียงใหม่,เมืองเชียงใหม่,สุเทพ,640691698,18.79501949,98.95326221,อาคารสำนักงาน,,,21,ยังไม่ได้ตรวจสอบ,VALID,"เทศบาลนครเชียงใหม่, ฟ้าฮ่าม, อำเภอเมืองเชียงใหม่, จังหวัดเชียงใหม่, ประเทศไทย",district=อำเภอเมืองเชียงใหม่
153,ศูนย์พัฒนาเด็กเล็กเทศบาลตำบลยางเนิ้ง,เชียงใหม่,สารภี,ยางเนิ้ง,53325131,18.702172,99.037409,อาคารสถานพัฒนาเด็กปฐมวัย,,"ตรวจคัดกรองกลุ่มเสี่ยง/สุขภาพ, อาหาร, น้ำดื่ม, ห้องสุขา, ที่จอดรถ, WIFI",,ยังไม่ได้ตรวจสอบ,VALID_NO_DISTRICT,"บ้านหนองแฝก หมู่ 4, บ้านป่าเก็ดถี, หนองแฝก, อำเภอสารภี, จังหวัดเชียงใหม่, 50140, ประเทศไทย",
154,ศูนย์อนามัยที่ 1 เชียงใหม่ กรมอนามัย,เชียงใหม่,เมืองเชียงใหม่,ช้างคลาน,53272740,18.7724832,98.995444,อาคารสำนักงาน,,ไม่มี,36,ยังไม่ได้ตรวจสอบ,VALID,"เทศบาลนครเชียงใหม่, ฟ้าฮ่าม, อำเภอเมืองเชียงใหม่, จังหวัดเชียงใหม่, ประเทศไทย",district=อำเภอเมืองเชียงใหม่
155,โรงเรียนวัดเทพาราม,เชียงใหม่,สารภี,ป่าบง,053 423 277,18.73188466,99.05921991,อาคารสถานศึกษา,,"น้ำดื่ม, ห้องสุขา, ที่จอดรถ",66,ยังไม่ได้ตรวจสอบ,VALID_NO_DISTRICT,"บ้านต้นโชค, ยางเนิ้ง, ไชยสถาน, อำเภอสารภี, จังหวัดเชียงใหม่, 50140, ประเทศไทย",
159,สำนักงานสาธารณสุขอำเภอสารภี,เชียงใหม่,สารภี,ยางเนิ้ง,812873728,18.7181,99.02699,อาคารสำนักงาน,,"น้ำดื่ม, ห้องสุขา, ที่จอดรถ, WIFI",25,ยังไม่ได้ตรวจสอบ,VALID_NO_DISTRICT,"บ้านดงสวรรค์, ยางเนิ้ง, ไชยสถาน, อำเภอสารภี, จังหวัดเชียงใหม่, 50140, ประเทศไทย",
160,โรงเรียนอนุบาลเทศบาลตำบลป่าแดด,เชียงใหม่,เมืองเชียงใหม่,ป่าแดด,53812148,18.73897658,98.98033083,อาคารสถานศึกษา,,"น้ำดื่ม, ห้องสุขา, WIFI",66,ยังไม่ได้ตรวจสอบ,VALID,"บ้านเกาะกลาง หมู่ 8, บ้านป่าแดดใต้, ป่าแดด, อำเภอเมืองเชียงใหม่, จังหวัดเชียงใหม่, 50100, ประเทศไทย",district=อำเภอเมืองเชียงใหม่
161,ศูนย์อนามัยที่1เชียงใหม่,เชียงใหม่,เมืองเชียงใหม่,ช้างคลาน,097-9200852,18.78994738,98.97516454,สถานบริการสาธารณสุข,อื่นๆ (ศูนย์อนามัยที่1เชียงใหม่),,,ยังไม่ได้ตรวจสอบ,VALID,"เทศบาลนครเชียงใหม่, ฟ้าฮ่าม, อำเภอเมืองเชียงใหม่, จังหวัดเชียงใหม่, ประเทศไทย",district=อำเภอเมืองเชียงใหม่
163,หอผู้ป่วยฝ้ายคำ 2,เชียงใหม่,เมืองเชียงใหม่,หายยา,53908500,18.7796528,98.97809432,สถานบริการสาธารณสุข,,,,ยังไม่ได้ตรวจสอบ,VALID,"เทศบาลนครเชียงใหม่, ฟ้าฮ่าม, อำเภอเมืองเชียงใหม่, จังหวัดเชียงใหม่, ประเทศไทย",district=อำเภอเมืองเชียงใหม่
164,โรงพยาบาลส่งเสริมสุขภาพตำบลบ้านใหม่ห้วยเฮี๊ยะ,เชียงใหม่,จอมทอง,บ้านหลวง,657273534,18.422282,98.524306,สถานบริการสาธารณสุข,รพ.สต.,,,ยังไม่ได้ตรวจสอบ,VALID,"Ban Mai Sawan, บ้านห้วปูลิง, อำเภอจอมทอง, จังหวัดเชียงใหม่, ประเทศไทย",district=อำเภอจอมทอง
167,โรงพยาบาลส่งเสริมสุขภาพตำบลบ้านตุงลอย,เชียงใหม่,อมก๋อย,อมก๋อย,933252142,17.95867,98.35806,สถานบริการสาธารณสุข,,น้ำดื่ม,,ยังไม่ได้ตรวจสอบ,VALID,"บ้านตุงลอย, อำเภออมก๋อย, จังหวัดเชียงใหม่, ประเทศไทย",district=อำเภออมก๋อย
168,ห้องอาหารชั้น 1 อาคารอุบลรัตนราชกัญญา,เชียงใหม่,เมืองเชียงใหม่,หายยา,53908500,18.77988135,98.97901658,ศูนย์ประชุม หอประชุม ห้องประชุม ศูนย์แสดงสินค้า,,,,ยังไม่ได้ตรวจสอบ,VALID,"เทศบาลนครเชียงใหม่, ฟ้าฮ่าม, อำเภอเมืองเชียงใหม่, จังหวัดเชียงใหม่, ประเทศไทย",district=อำเภอเมืองเชียงใหม่
170,สำนักงานสาธารณสุขอำเภอดอยหล่อ,เชียงใหม่,ดอยหล่อ,ดอยหล่อ,053-369376,18.4647719,98.78322606,อาคารสำนักงาน,,ไม่มี,,ยังไม่ได้ตรวจสอบ,VALID,"บ้านหลังม่อน, สองแคว, อำเภอดอยหล่อ, จังหวัดเชียงใหม่, 50160, ประเทศไทย",district=อำเภอดอยหล่อ
171,โรงพยาบาลเทพรัตนเวชชานุกูล เฉลิมพระเกียรติ ๖๐ พรรษา,เชียงใหม่,แม่แจ่ม,ช่างเคิ่ง,53485371,18.50686539,98.41402895,สถานบริการสาธารณสุข,รพช.,"ตรวจคัดกรองกลุ่มเสี่ยง/สุขภาพ, ห้องสุขา",26,ผ่าน,VALID,"บ้านผานัง, ท่าผา, อำเภอแม่แจ่ม, จังหวัดเชียงใหม่, 50270, ประเทศไทย",district=อำเภอแม่แจ่ม
173,โรงพยาบาลส่งเสริมสุขภาพตำบลบ้านแม่ตะละ,เชียงใหม่,กัลยาณิวัฒนา,แม่แดด,916343477,18.93568,98.4594,สถานบริการสาธารณสุข,,ตรวจคัดกรองกลุ่มเสี่ยง/สุขภาพ,,ยังไม่ได้ตรวจสอบ,VALID,"บ้านแม่ตะละ, อำเภอกัลยาณิวัฒนา, จังหวัดเชียงใหม่, ประเทศไทย",district=อำเภอกัลยาณิวัฒนา
174,วัดน้ำโจ้,เชียงใหม่,สารภี,ดอนแก้ว,062 924 6939,18.687388,98.9925564,อาคารศาสนสถาน,,"น้ำดื่ม, ห้องสุขา, ที่จอดรถ",24,ยังไม่ได้ตรวจสอบ,VALID_NO_DISTRICT,"บ้านนำโจ้, บ้านดอนแก้ว, ดอนแก้ว, อำเภอสารภี, จังหวัดเชียงใหม่, ประเทศไทย",
176,โรงพยาบาลสันกำแพง,เชียงใหม่,สันกำแพง,บวกค้าง,053-446635-7,18.7159207,99.1228032,สถานบริการสาธารณสุข,,ไม่มี,30,ยังไม่ได้ตรวจสอบ,VALID,"บ้านแม่แต, บ้านต้นดู่, บวกค้าง, อำเภอสันกำแพง, จังหวัดเชียงใหม่, ประเทศไทย",district=อำเภอสันกำแพง
177,โรงพยาบาลส่งเสริมสุขภาพตำบลบ้านหนองห้า,เชียงใหม่,สันป่าตอง,น้ำบ่อหลวง,840453130,18.671428,98.832884,สถานบริการสาธารณสุข,รพ.สต.,"ตรวจคัดกรองกลุ่มเสี่ยง/สุขภาพ, น้ำดื่ม, ห้องสุขา, ที่จอดรถ, WIFI, อื่นๆ",16,ผ่าน,VALID,"บ้านทัวฝาย, บ้านแม, อำเภอสันป่าตอง, จังหวัดเชียงใหม่, ประเทศไทย",district=อำเภอสันป่าตอง
179,โรงเรียนอนุบาลเทศบาลสันทราย,เชียงใหม่,ฝาง,สันทราย,961478379,19.8788814,99.1893264,อาคารสถานศึกษา,,ตรวจคัดกรองกลุ่มเสี่ยง/สุขภาพ,,ยังไม่ได้ตรวจสอบ,VALID,"บ้านสันทราย, สันทราย, อำเภอฝาง, จังหวัดเชียงใหม่, 50110, ประเทศไทย",district=อำเภอฝาง
181,โรงพยาบาลส่งเสริมสุขภาพตำบลบ้านปง,เชียงใหม่,ไชยปราการ,หนองบัว,806232487,19.73337525,99.1107526,สถานบริการสาธารณสุข,รพ.สต.,"ตรวจคัดกรองกลุ่มเสี่ยง/สุขภาพ, อาหาร, น้ำดื่ม, ห้องสุขา, ที่จอดรถ, WIFI",,ยังไม่ได้ตรวจสอบ,VALID,"บ้านใหม่หนองบัว, หนองบัว, อำเภอไชยปราการ, จังหวัดเชียงใหม่, ประเทศไทย",district=อำเภอไชยปราการ
183,โรงพยาบาลส่งเสริมสุขภาพตำบลดอยอินทนนท์,เชียงใหม่,จอมทอง,บ้านหลวง,931970555,18.5408422,98.5238716,ศูนย์ประชุม หอประชุม ห้องประชุม ศูนย์แสดงสินค้า,,"น้ำดื่ม, ห้องสุขา, ที่จอดรถ, WIFI",,ยังไม่ได้ตรวจสอบ,VALID,"บ้านขุนกลาง, อำเภอจอมทอง, จังหวัดเชียงใหม่, ประเทศไทย",district=อำเภอจอมทอง
184,ศูนย์รักษาด้วยไฟฟ้า,เชียงใหม่,เมืองเชียงใหม่,หายยา,53908500,18.77844911,98.97824406,สถานบริการสาธารณสุข,,,,ยังไม่ได้ตรวจสอบ,VALID,"เทศบาลนครเชียงใหม่, ฟ้าฮ่าม, อำเภอเมืองเชียงใหม่, จังหวัดเชียงใหม่, ประเทศไทย",district=อำเภอเมืองเชียงใหม่
185,สำนักงานสาธารณสุขอำเภอสันทราย,เชียงใหม่,สันทราย,ป่าไผ่,53350311,18.87374,99.05195,อาคารสำนักงาน,,,,ยังไม่ได้ตรวจสอบ,VALID,"บ้านป่าเหมือด, เมืองเล็น, อำเภอสันทราย, จังหวัดเชียงใหม่, 50210, ประเทศไทย",district=อำเภอสันทราย
186,ศูนย์พัฒนาเด็กเล็กบ้านท่าหลุก,เชียงใหม่,จอมทอง,สบเตี๊ยะ,863910586,18.3954027,98.694299,อาคารสถานพัฒนาเด็กปฐมวัย,,"ตรวจคัดกรองกลุ่มเสี่ยง/สุขภาพ, อาหาร, น้ำดื่ม, ห้องสุขา, ที่จอดรถ, WIFI",,ยังไม่ได้ตรวจสอบ,VALID,"บ้านสบเตี๊ยะ, สบเตี๊ยะ, อำเภอจอมทอง, จังหวัดเชียงใหม่, ประเทศไทย",district=อำเภอจอมทอง
187,โรงเรียนวัดเวฬุวัน,เชียงใหม่,สารภี,ยางเนิ้ง,053 321 521,18.7160456,99.0288418,อาคารสถานศึกษา,,"อาหาร, น้ำดื่ม, ห้องสุขา, ที่จอดรถ, WIFI",,ยังไม่ได้ตรวจสอบ,VALID_NO_DISTRICT,"บ้านดงสวรรค์, ยางเนิ้ง, ไชยสถาน, อำเภอสารภี, จังหวัดเชียงใหม่, 50140, ประเทศไทย",
192,โรงพยาบาลส่งเสริมสุขภาพตำบลบ้านทรายมูล,เชียงใหม่,สันป่าตอง,แม่ก๊า,882634250,18.5559876,98.9344605,สถานบริการสาธารณสุข,รพ.สต.,"ตรวจคัดกรองกลุ่มเสี่ยง/สุขภาพ, น้ำดื่ม, ห้องสุขา, ที่จอดรถ",16,ผ่าน,VALID,"บ้านแม่ก๊า, บ้านทรายมูล, ทุ่งต้อม, อำเภอสันป่าตอง, จังหวัดเชียงใหม่, ประเทศไทย",district=อำเภอสันป่าตอง
195,โรงพยาบาลส่งเสริมสุขภาพตำบลบ้านสบลาน,เชียงใหม่,อมก๋อย,ยางเปียง,807925014,17.6045811,98.4080358,สถานบริการสาธารณสุข,,ไม่มี,,ยังไม่ได้ตรวจสอบ,VALID,"อำเภออมก๋อย, จังหวัดเชียงใหม่, 50310, ประเทศไทย",district=อำเภออมก๋อย
196,โรงพยาบาลส่งเสริมสุขภาพ ศูนย์อนามัยที่ 1 เชียงใหม่,เชียงใหม่,เมืองเชียงใหม่,ช้างคลาน,53274015,18.77332039,98.99440922,สถานบริการสาธารณสุข,อื่นๆ (60 เตียง),"น้ำดื่ม, ห้องสุขา, ที่จอดรถ",,ยังไม่ได้ตรวจสอบ,VALID,"เทศบาลนครเชียงใหม่, ฟ้าฮ่าม, อำเภอเมืองเชียงใหม่, จังหวัดเชียงใหม่, ประเทศไทย",district=อำเภอเมืองเชียงใหม่
200,ศูนย์พัฒนาเด็กเล็กเทศบาลตำบลแม่ริม,เชียงใหม่,แม่ริม,ริมใต้,53299523,18.9177242,98.9604091,อาคารสถานพัฒนาเด็กปฐมวัย,,"ตรวจคัดกรองกลุ่มเสี่ยง/สุขภาพ, อาหาร, น้ำดื่ม, ห้องสุขา, ที่จอดรถ, WIFI",60,ยังไม่ได้ตรวจสอบ,VALID,"บ้านสุโท, แม่ริม, ริมเหนือ, อำเภอแม่ริม, จังหวัดเชียงใหม่, 50180, ประเทศไทย",district=อำเภอแม่ริม
201,โรงพยาบาลจอมทอง,เชียงใหม่,จอมทอง,ดอยแก้ว,53341218,18.4124781,98.6786357,สถานบริการสาธารณสุข,รพท.,"น้ำดื่ม, ห้องสุขา, ที่จอดรถ",10,ผ่าน,VALID,"บ้านจอมทอง, จอมทอง, ดอยแก้ว, อำเภอจอมทอง, จังหวัดเชียงใหม่, ประเทศไทย",district=อำเภอจอมทอง
202,โรงพยาบาลสันทราย,เชียงใหม่,สันทราย,หนองจ๊อม,53921199,18.92130147,98.99438623,สถานบริการสาธารณสุข,รพท.,"ตรวจคัดกรองกลุ่มเสี่ยง/สุขภาพ, ห้องสุขา, ที่จอดรถ, WIFI",194,ยังไม่ได้ตรวจสอบ,VALID,"บ้านไร่สหกรณ์, แม่โจ้, เทศบาลเมืองแม่โจ้, อำเภอสันทราย, จังหวัดเชียงใหม่, 50290, ประเทศไทย",district=อำเภอสันทราย
203,การประปาส่วนภูมิภาคสาขาฝาง,เชียงใหม่,ฝาง,เวียง,53451123,19.91188467,99.20457881,อาคารสำนักงาน,,"ตรวจคัดกรองกลุ่มเสี่ยง/สุขภาพ, น้ำดื่ม, ห้องสุขา, ที่จอดรถ, WIFI",41,ยังไม่ได้ตรวจสอบ,VALID,"บ้านสันทราย, สันทราย, อำเภอฝาง, จังหวัดเชียงใหม่, 50110, ประเทศไทย",district=อำเภอฝาง
205,ร.พ.ส่งเสริมสุขภาพ ศูนย์อนามัยที่1 เชียงใหม่,เชียงใหม่,เมืองเชียงใหม่,ช้างคลาน,53272740,18.77293466,98.9946653,อาคารสถานบริการ ตามกฎหมายว่าด้วยสถานบริการ,,อื่นๆ,90,ยังไม่ได้ตรวจสอบ,VALID,"เทศบาลนครเชียงใหม่, ฟ้าฮ่าม, อำเภอเมืองเชียงใหม่, จังหวัดเชียงใหม่, ประเทศไทย",district=อำเภอเมืองเชียงใหม่
208,ร้าน green mood,เชียงใหม่,สารภี,ไชยสถาน,630783239,18.7570986,99.04969813,อาคารสถานที่จำหน่ายอาหารและเครื่องดื่ม,,"อาหาร, น้ำดื่ม, ห้องสุขา, WIFI",11,ผ่าน,VALID_NO_DISTRICT,"บ้านยวม, ไชยสถาน, อำเภอสารภี, จังหวัดเชียงใหม่, 50000, ประเทศไทย",
210,รพสต.บ้านขุนแตะ,เชียงใหม่,จอมทอง,ดอยแก้ว,927941597,18.396139,98.5060292,สถานบริการสาธารณสุข,รพ.สต.,"ตรวจคัดกรองกลุ่มเสี่ยง/สุขภาพ, น้ำดื่ม, ห้องสุขา, ที่จอดรถ",,ยังไม่ได้ตรวจสอบ,VALID,"บ้านขุนแตะเหนือ, อำเภอจอมทอง, จังหวัดเชียงใหม่, ประเทศไทย",district=อำเภอจอมทอง
211,ศูนย์อนามัยที่ 1 เชียงใหม่,เชียงใหม่,เมืองเชียงใหม่,ช้างคลาน,53272740,18.7723316,98.9955883,อาคารสำนักงาน,,,23,ยังไม่ได้ตรวจสอบ,VALID,"เทศบาลนครเชียงใหม่, ฟ้าฮ่าม, อำเภอเมืองเชียงใหม่, จังหวัดเชียงใหม่, ประเทศไทย",district=อำเภอเมืองเชียงใหม่
213,โรงพยาบาลส่งเสริมสุขภาพตำบลบ้านศรีบุญเรือง,เชียงใหม่,สารภี,ไชยสถาน,053-423050,18.73216203,99.04272017,อาคารสำนักงาน,,,,ยังไม่ได้ตรวจสอบ,VALID_NO_DISTRICT,"บ้านต้นโชค, ยางเนิ้ง, ไชยสถาน, อำเภอสารภี, จังหวัดเชียงใหม่, 50140, ประเทศไทย",
214,ห้องปลอดฝุ่นอุ่นใจ,เชียงใหม่,เมืองเชียงใหม่,ช้างคลาน,803332221,18.7735368,98.9968466,อาคารสำนักงาน,,"น้ำดื่ม, ที่จอดรถ, WIFI",6,ยังไม่ได้ตรวจสอบ,VALID,"เทศบาลนครเชียงใหม่, ฟ้าฮ่าม, อำเภอเมืองเชียงใหม่, จังหวัดเชียงใหม่, ประเทศไทย",district=อำเภอเมืองเชียงใหม่
216,ศูนย์อนามัยที่ 1 เชียงใหม่,เชียงใหม่,เมืองเชียงใหม่,ช้างคลาน,53272460,18.7759621,99.0018533,อาคารสำนักงาน,,ไม่มี,21,ยังไม่ได้ตรวจสอบ,VALID,"เทศบาลนครเชียงใหม่, ฟ้าฮ่าม, อำเภอเมืองเชียงใหม่, จังหวัดเชียงใหม่, ประเทศไทย",district=อำเภอเมืองเชียงใหม่
218,โรงพยาบาลจอมทอง,เชียงใหม่,จอมทอง,ดอยแก้ว,53341218,18.40643,98.6882644,สถานบริการสาธารณสุข,รพท.,"น้ำดื่ม, ห้องสุขา, ที่จอดรถ",29,ยังไม่ได้ตรวจสอบ,VALID,"บ้านจอมทอง, จอมทอง, ดอยแก้ว, อำเภอจอมทอง, จังหวัดเชียงใหม่, ประเทศไทย",district=อำเภอจอมทอง
219,โรงเรียนอนุบาลเทศบาลสันทราย,เชียงใหม่,ฝาง,สันทราย,932799975,19.8788049,99.1900212,อาคารสถานศึกษา,,ไม่มี,,ยังไม่ได้ตรวจสอบ,VALID,"บ้านสันทราย, สันทราย, อำเภอฝาง, จังหวัดเชียงใหม่, 50110, ประเทศไทย",district=อำเภอฝาง
221,หน่วยวิจัยเพื่อการจัดการพลังงานและเศรษฐนิเวศ มหาวิทยาลัยเชียงใหม่,เชียงใหม่,เมืองเชียงใหม่,สุเทพ,640691698,18.79570624,98.95305273,อาคารสถานศึกษา,,"อาหาร, น้ำดื่ม, ห้องสุขา, ที่จอดรถ, WIFI",8,ยังไม่ได้ตรวจสอบ,VALID,"เทศบาลนครเชียงใหม่, ฟ้าฮ่าม, อำเภอเมืองเชียงใหม่, จังหวัดเชียงใหม่, ประเทศไทย",district=อำเภอเมืองเชียงใหม่
222,โรงพยาบาลส่งเสริมสุขภาพตำบลหนองผึ้ง,เชียงใหม่,สารภี,หนองผึ้ง,053-425066,18.739055,99.013689,สถานบริการสาธารณสุข,รพ.สต.,"ตรวจคัดกรองกลุ่มเสี่ยง/สุขภาพ, ห้องสุขา, ที่จอดรถ",8,ยังไม่ได้ตรวจสอบ,VALID_NO_DISTRICT,"บ้านดอนจืน หมู่ 4, หนองผึ้ง, ไชยสถาน, อำเภอสารภี, จังหวัดเชียงใหม่, 50140, ประเทศไทย",
223,โรงเรียนชุมชนวัดปากกอง,เชียงใหม่,สารภี,สารภี,095-6753097,18.6778229,99.0407252,อาคารสถานพัฒนาเด็กปฐมวัย,,"น้ำดื่ม, ห้องสุขา, ที่จอดรถ, WIFI",23,ผ่าน,VALID_NO_DISTRICT,"บ้านหนองสี่แจ่ง หมู่ที่ 1, หนองแฝก, อำเภอสารภี, จังหวัดเชียงใหม่, ประเทศไทย",
224,รพ.สต.บ้านบวกครกเหนือ,เชียงใหม่,สารภี,ท่าวังตาล,53021354,18.7154809,99.0037697,สถานบริการสาธารณสุข,รพ.สต.,,33,ยังไม่ได้ตรวจสอบ,VALID_NO_DISTRICT,"บ้านสันป่ากว๋าว, บ้านบวกครกใต้, ดอนแก้ว, อำเภอสารภี, จังหวัดเชียงใหม่, 50140, ประเทศไทย",
226,โรงพยาบาลส่งเสริมสุขภาพตำบลบ้านแม่แดดน้อย,เชียงใหม่,กัลยาณิวัฒนา,แม่แดด,855396004,18.964501,98.416214,สถานบริการสาธารณสุข,รพ.สต.,"ตรวจคัดกรองกลุ่มเสี่ยง/สุขภาพ, น้ำดื่ม, ห้องสุขา, ที่จอดรถ, WIFI",13,ยังไม่ได้ตรวจสอบ,VALID,"บ้านแม่แดดน้อย, อำเภอกัลยาณิวัฒนา, จังหวัดเชียงใหม่, ประเทศไทย",district=อำเภอกัลยาณิวัฒนา
227,สถานีตำรวจภูธรหนองตอง,เชียงใหม่,หางดง,หนองตอง,53464214,18.6175943,98.9491038,อาคารสำนักงาน,,"น้ำดื่ม, ห้องสุขา, ที่จอดรถ, WIFI",50,ยังไม่ได้ตรวจสอบ,VALID,"บ้านเกาะ, บ้านป่าลาน, หนองตองพัฒนา, อำเภอหางดง, จังหวัดเชียงใหม่, 50340, ประเทศไทย",district=อำเภอหางดง
228,รพ.สต.บ้านป่าสา,เชียงใหม่,สารภี,สันทราย,-,18.64592853,98.96413463,ศูนย์ประชุม หอประชุม ห้องประชุม ศูนย์แสดงสินค้า,,ไม่มี,,ยังไม่ได้ตรวจสอบ,VALID_NO_DISTRICT,"ปากคลอง, สันทรายท่าฉาง, สันทรายมหาวงศ์, อำเภอสารภี, จังหวัดเชียงใหม่, 50340, ประเทศไทย",
229,เทศบาลตำบลแม่ริม,เชียงใหม่,แม่ริม,ริมใต้,53299523,18.916054,98.96083833,อาคารสำนักงาน,,"ตรวจคัดกรองกลุ่มเสี่ยง/สุขภาพ, น้ำดื่ม, ห้องสุขา, ที่จอดรถ, WIFI",40,ยังไม่ได้ตรวจสอบ,VALID,"บ้านสุโท, แม่ริม, ริมเหนือ, อำเภอแม่ริม, จังหวัดเชียงใหม่, 50180, ประเทศไทย",district=อำเภอแม่ริม
230,ศูนย์สาธารณสุขและการแพทย์กิ่วแลหลวง,เชียงใหม่,สันป่าตอง,ยุหว่า,53028146,18.6354561,98.8635364,สถานบริการสาธารณสุข,รพ.สต.,"ตรวจคัดกรองกลุ่มเสี่ยง/สุขภาพ, น้ำดื่ม, ห้องสุขา, ที่จอดรถ, WIFI",26,ผ่าน,VALID,"บ้านหนองหวาย, บ้านต้นแก้ว, บ้านแม, อำเภอสันป่าตอง, จังหวัดเชียงใหม่, 50120, ประเทศไทย",district=อำเภอสันป่าตอง
231,โรงพยาบาลส่งเสริมสุขภาพตำบลบ้านทุ่งแก,เชียงใหม่,แม่แจ่ม,บ้านทับ,806725878,18.40768236,98.24411789,สถานบริการสาธารณสุข,รพ.สต.,"ตรวจคัดกรองกลุ่มเสี่ยง/สุขภาพ, น้ำดื่ม, ห้องสุขา, ที่จอดรถ",,ผ่าน,VALID,"บ้านทุ่งแกเหนือ, บ้านทุ่งแกไท, อำเภอแม่แจ่ม, จังหวัดเชียงใหม่, ประเทศไทย",district=อำเภอแม่แจ่ม
232,โรงพยาบาลส่งเสริมสุขภาพตำบลบ้านหนองห้า ตำบลน้ำบ่อหลวง,เชียงใหม่,สันป่าตอง,น้ำบ่อหลวง,840453130,18.671373,98.832961,สถานบริการสาธารณสุข,รพ.สต.,"ตรวจคัดกรองกลุ่มเสี่ยง/สุขภาพ, น้ำดื่ม, ห้องสุขา, ที่จอดรถ, WIFI",6,ผ่าน,VALID,"บ้านทัวฝาย, บ้านแม, อำเภอสันป่าตอง, จังหวัดเชียงใหม่, ประเทศไทย",district=อำเภอสันป่าตอง
233,ศูนย์การแพทย์และสาธารณสุขทุ่งหลวง,เชียงใหม่,พร้าว,ทุ่งหลวง,053-474229,19.36247405,99.1974053,สถานบริการสาธารณสุข,รพ.สต.,"ตรวจคัดกรองกลุ่มเสี่ยง/สุขภาพ, ห้องสุขา",,ยังไม่ได้ตรวจสอบ,VALID,"บ้านทุ่งหลวง, พร้าว, น้ำแพร่, อำเภอพร้าว, จังหวัดเชียงใหม่, ประเทศไทย",district=อำเภอพร้าว
236,ศูนย์อนามัยที่ 1 เชียงใหม่,เชียงใหม่,เมืองเชียงใหม่,ช้างคลาน,053-272740,18.7724193,99.0004721,อาคารสำนักงาน,,ไม่มี,14,ยังไม่ได้ตรวจสอบ,VALID,"เทศบาลนครเชียงใหม่, ฟ้าฮ่าม, อำเภอเมืองเชียงใหม่, จังหวัดเชียงใหม่, ประเทศไทย",district=อำเภอเมืองเชียงใหม่
239,ศูนย์ชมรมกำนันผู้บ้าน,เชียงใหม่,สารภี,สันทราย,-,18.64589389,98.96423864,ศูนย์ประชุม หอประชุม ห้องประชุม ศูนย์แสดงสินค้า,,ไม่มี,,ยังไม่ได้ตรวจสอบ,VALID_NO_DISTRICT,"ปากคลอง, สันทรายท่าฉาง, สันทรายมหาวงศ์, อำเภอสารภี, จังหวัดเชียงใหม่, 50340, ประเทศไทย",
240,อบต.แจ่มหลวง,เชียงใหม่,กัลยาณิวัฒนา,แจ่มหลวง,53699100,19.0246109,98.28028584,อาคารสำนักงาน,,"อาหาร, น้ำดื่ม, ห้องสุขา, ที่จอดรถ, WIFI",,ยังไม่ได้ตรวจสอบ,VALID,"บ้าหแจมหลวง, อำเภอกัลยาณิวัฒนา, จังหวัดเชียงใหม่, ประเทศไทย",district=อำเภอกัลยาณิวัฒนา
243,เทศบาลตำบลแม่วาง,เชียงใหม่,แม่วาง,ดอนเปา,0 5348 9407,18.6062893,98.82017612,อาคารสถานพัฒนาเด็กปฐมวัย,,"น้ำดื่ม, ห้องสุขา, ที่จอดรถ",28,ยังไม่ได้ตรวจสอบ,VALID,"บ้านดอนเปา, แม่วาง, อำเภอแม่วาง, จังหวัดเชียงใหม่, ประเทศไทย",district=อำเภอแม่วาง
244,โรงพยาบาลส่งเสริมสุขภาพตำบลปางหินฝน,เชียงใหม่,แม่แจ่ม,ปางหินฝน,859296653,18.4850032,98.223385,อาคารสำนักงาน,,"ตรวจคัดกรองกลุ่มเสี่ยง/สุขภาพ, อาหาร, น้ำดื่ม, ห้องสุขา, ที่จอดรถ, WIFI",30,ยังไม่ได้ตรวจสอบ,VALID,"บ้านปางหนฝน, อำเภอแม่แจ่ม, จังหวัดเชียงใหม่, ประเทศไทย",district=อำเภอแม่แจ่ม
245,งานการพยาบาลจิตเวชฉุกเฉิน โรงพยาบาลสวนปรุง,เชียงใหม่,เมืองเชียงใหม่,หายยา,53908500,18.7799423,98.97898969,สถานบริการสาธารณสุข,,,,ยังไม่ได้ตรวจสอบ,VALID,"เทศบาลนครเชียงใหม่, ฟ้าฮ่าม, อำเภอเมืองเชียงใหม่, จังหวัดเชียงใหม่, ประเทศไทย",district=อำเภอเมืองเชียงใหม่
246,โรงพยาบาลศูนย์อนามัยที่ 1 เชียงใหม่,เชียงใหม่,เมืองเชียงใหม่,ช้างคลาน,053272256 ต่อ 206,18.77307,98.994638,สถานบริการสาธารณสุข,อื่นๆ (โรงพยาบาลสังกัดกรมอนามัย),อื่นๆ,41,ยังไม่ได้ตรวจสอบ,VALID,"เทศบาลนครเชียงใหม่, ฟ้าฮ่าม, อำเภอเมืองเชียงใหม่, จังหวัดเชียงใหม่, ประเทศไทย",district=อำเภอเมืองเชียงใหม่
251,โรงพยาบาลส่งเสริมสุขภาพตำบลบ้านนาฟ่อน,เชียงใหม่,ฮอด,บ่อหลวง,654152639,18.09372684,98.36501367,สถานบริการสาธารณสุข,รพ.สต.,"น้ำดื่ม, ห้องสุขา, ที่จอดรถ",1,ผ่าน,VALID_NO_DISTRICT,"บ้านขุน, บ่อหลวง, อำเภอฮอด, จังหวัดเชียงใหม่, ประเทศไทย",
255,สถานเลี้ยงเด็กกลางวันสำหรับครอบครัวนมแม่,เชียงใหม่,เมืองเชียงใหม่,ช้างคลาน,53276856,18.77219447,98.99516686,อาคารสถานพัฒนาเด็กปฐมวัย,,อื่นๆ,40,ยังไม่ได้ตรวจสอบ,VALID,"เทศบาลนครเชียงใหม่, ฟ้าฮ่าม, อำเภอเมืองเชียงใหม่, จังหวัดเชียงใหม่, ประเทศไทย",district=อำเภอเมืองเชียงใหม่
258,ห้องปลอดฝุ่นอุ่นใจ,เชียงใหม่,เมืองเชียงใหม่,ช้างคลาน,53272740,18.7685132,99.0018532,อาคารสถานศึกษา,,"อาหาร, น้ำดื่ม",10,ยังไม่ได้ตรวจสอบ,VALID,"เทศบาลนครเชียงใหม่, ฟ้าฮ่าม, อำเภอเมืองเชียงใหม่, จังหวัดเชียงใหม่, ประเทศไทย",district=อำเภอเมืองเชียงใหม่
259,รพ ส่งเสริมสุขภาพ ศอ1 เชียงใหม่,เชียงใหม่,เมืองเชียงใหม่,ช้างคลาน,53272256,18.77281013,98.99465079,สถานบริการสาธารณสุข,รพท.,ไม่มี,,ยังไม่ได้ตรวจสอบ,VALID,"เทศบาลนครเชียงใหม่, ฟ้าฮ่าม, อำเภอเมืองเชียงใหม่, จังหวัดเชียงใหม่, ประเทศไทย",district=อำเภอเมืองเชียงใหม่
262,ศูนย์จิตสังคมบำบัด,เชียงใหม่,เมืองเชียงใหม่,หายยา,53908500,18.77876908,98.97841579,สถานบริการสาธารณสุข,,,,ยังไม่ได้ตรวจสอบ,VALID,"เทศบาลนครเชียงใหม่, ฟ้าฮ่าม, อำเภอเมืองเชียงใหม่, จังหวัดเชียงใหม่, ประเทศไทย",district=อำเภอเมืองเชียงใหม่
263,รพ.ส่งเสริมสุขภาพ ศอ.ที่1,เชียงใหม่,เมืองเชียงใหม่,ช้างคลาน,961238824,18.7731199,98.9946537,สถานบริการสาธารณสุข,อื่นๆ (ศอ.ทึ่1เชียงใหม่),ตรวจคัดกรองกลุ่มเสี่ยง/สุขภาพ,,ยังไม่ได้ตรวจสอบ,VALID,"เทศบาลนครเชียงใหม่, ฟ้าฮ่าม, อำเภอเมืองเชียงใหม่, จังหวัดเชียงใหม่, ประเทศไทย",district=อำเภอเมืองเชียงใหม่
265,โรงพยาบาลส่งเสริมสุขภาพตำบลบ้านกองกาน,เชียงใหม่,แม่แจ่ม,แม่ศึก,-,18.546826,98.360693,สถานบริการสาธารณสุข,รพ.สต.,"ตรวจคัดกรองกลุ่มเสี่ยง/สุขภาพ, น้ำดื่ม, ห้องสุขา, ที่จอดรถ, WIFI",4,ยังไม่ได้ตรวจสอบ,VALID,"แม่แจ่ม, ท่าผา, อำเภอแม่แจ่ม, จังหวัดเชียงใหม่, 50270, ประเทศไทย",district=อำเภอแม่แจ่ม
266,สำนักงานสาธารณสุขอำเภอแม่แจ่ม,เชียงใหม่,แม่แจ่ม,ช่างเคิ่ง,53485100,18.49811,98.375,สถานบริการสาธารณสุข,อื่นๆ,"น้ำดื่ม, ห้องสุขา, WIFI",,ยังไม่ได้ตรวจสอบ,VALID,"บ้านช่างเคิ่งบน, แม่แจ่ม, ท่าผา, อำเภอแม่แจ่ม, จังหวัดเชียงใหม่, 50270, ประเทศไทย",district=อำเภอแม่แจ่ม
268,โรงเรียนต้นแก้วผดุงพิทยาลัย,เชียงใหม่,หางดง,ขุนคง,53023744,18.6804289,98.95387797,อาคารสถานพัฒนาเด็กปฐมวัย,,ไม่มี,,ยังไม่ได้ตรวจสอบ,VALID,"บ้านกลาง หมุ่ 9, บ้านต้นไฮ, สันผักหวาน, อำเภอหางดง, จังหวัดเชียงใหม่, 50230, ประเทศไทย",district=อำเภอหางดง
269,รพ.สต.บ้านยนาฟ่อน,เชียงใหม่,ฮอด,บ่อหลวง,654152639,18.09372182,98.36501065,สถานบริการสาธารณสุข,รพ.สต.,"น้ำดื่ม, ห้องสุขา, ที่จอดรถ",1,ยังไม่ได้ตรวจสอบ,VALID_NO_DISTRICT,"บ้านขุน, บ่อหลวง, อำเภอฮอด, จังหวัดเชียงใหม่, ประเทศไทย",
270,เทศบาลตำบลเมืองเล็น,เชียงใหม่,สันทราย,เมืองเล็น,053-397698,18.866209,99.067561,ศูนย์ประชุม หอประชุม ห้องประชุม ศูนย์แสดงสินค้า,,"ตรวจคัดกรองกลุ่มเสี่ยง/สุขภาพ, น้ำดื่ม, ห้องสุขา, ที่จอดรถ, WIFI",16,ยังไม่ได้ตรวจสอบ,VALID,"บ้านป่ากล้วย, บ้านหนองอึ่ง, เมืองเล็น, อำเภอสันทราย, จังหวัดเชียงใหม่, 50210, ประเทศไทย",district=อำเภอสันทราย
271,สำนักงานสาธารณสุขอำเภอดอยสะเก็ด,เชียงใหม่,ดอยสะเก็ด,เชิงดอย,53495502,18.87154955,99.13629591,อาคารสำนักงาน,,"ห้องสุขา, ที่จอดรถ, WIFI",23,ยังไม่ได้ตรวจสอบ,VALID,"บ้านเชิงดอย, ดอยสะเก็ด, ลวงเหนือ, อำเภอดอยสะเก็ด, จังหวัดเชียงใหม่, ประเทศไทย",district=อำเภอดอยสะเก็ด
272,สำนักงานเทศบาลตำบลหารแก้ว,เชียงใหม่,หางดง,หารแก้ว,053-023194,18.6442527,98.9287147,อาคารสำนักงาน,,"น้ำดื่ม, ห้องสุขา, ที่จอดรถ, WIFI",16,ยังไม่ได้ตรวจสอบ,VALID,"บ้านไร่, Ban Han Kaew, หนองตองพัฒนา, อำเภอหางดง, จังหวัดเชียงใหม่, 50340, ประเทศไทย",district=อำเภอหางดง
274,สำนักงานสาธารณสุขอำเภออมก๋อย,เชียงใหม่,อมก๋อย,อมก๋อย,53467052,17.797651,98.357033,ศูนย์ประชุม หอประชุม ห้องประชุม ศูนย์แสดงสินค้า,,ห้องสุขา,24,ยังไม่ได้ตรวจสอบ,VALID,"บ้านดง, อมก๋อย, อำเภออมก๋อย, จังหวัดเชียงใหม่, 50310, ประเทศไทย",district=อำเภออมก๋อย
275,รพ.ไชยปราการ,เชียงใหม่,ไชยปราการ,ศรีดงเย็น,53870444,19.721439,99.1352491,สถานบริการสาธารณสุข,รพช.,"ตรวจคัดกรองกลุ่มเสี่ยง/สุขภาพ, น้ำดื่ม, ห้องสุขา, ที่จอดรถ",4,ยังไม่ได้ตรวจสอบ,VALID,"บ้านแม่ขิ, ไชยปราการ, หนองบัว, อำเภอไชยปราการ, จังหวัดเชียงใหม่, ประเทศไทย",district=อำเภอไชยปราการ
277,โรงเรียนอนุบาลบ้านสวนพิมพรรณ,เชียงใหม่,สารภี,ยางเนิ้ง,53325720,18.7110442,99.0316655,อาคารสถานพัฒนาเด็กปฐมวัย,,ไม่มี,30,ยังไม่ได้ตรวจสอบ,VALID_NO_DISTRICT,"บ้านดงสวรรค์, ยางเนิ้ง, ไชยสถาน, อำเภอสารภี, จังหวัดเชียงใหม่, 50140, ประเทศไทย",
278,ห้องประชุมอาคารบุญญาภรณ์ อบต.ดอนแก้ว,เชียงใหม่,แม่ริม,ดอนแก้ว,053-121585ต่อ 28,18.85678772,98.96928549,ศูนย์ประชุม หอประชุม ห้องประชุม ศูนย์แสดงสินค้า,,"อาหาร, น้ำดื่ม, ห้องสุขา, ที่จอดรถ, WIFI",66,ยังไม่ได้ตรวจสอบ,VALID,"บ้านป่ารวก หมู่ 6, เหมืองแก้ว, อำเภอแม่ริม, จังหวัดเชียงใหม่, 50300, ประเทศไทย",district=อำเภอแม่ริม
280,บ้านพิพิธภัณฑ์บรมนาถสถิต,เชียงใหม่,สารภี,ยางเนิ้ง,840987117,18.7103396,99.0270955,หอสมุด หอศิลป์ พิพิธภัณฑสถาน,,"น้ำดื่ม, ห้องสุขา, ที่จอดรถ",37,ยังไม่ได้ตรวจสอบ,VALID_NO_DISTRICT,"บ้านหนองแฝก หมู่ 4, บ้านป่าเก็ดถี, หนองแฝก, อำเภอสารภี, จังหวัดเชียงใหม่, 50140, ประเทศไทย",
282,โรงพยาบาลส่งเสริมสุขภาพศูนย์อนามัยที่1เชียงใหม่,เชียงใหม่,เมืองเชียงใหม่,ช้างคลาน,053276856ต่อ207,18.773093,98.9947329,สถานบริการสาธารณสุข,อื่นๆ (F2),ตรวจคัดกรองกลุ่มเสี่ยง/สุขภาพ,53,ยังไม่ได้ตรวจสอบ,VALID,"เทศบาลนครเชียงใหม่, ฟ้าฮ่าม, อำเภอเมืองเชียงใหม่, จังหวัดเชียงใหม่, ประเทศไทย",district=อำเภอเมืองเชียงใหม่
284,รพ.สต.บ้านทุ่งเสี้ยว,เชียงใหม่,สันป่าตอง,บ้านกลาง,53481211,18.562695,98.87216,สถานบริการสาธารณสุข,รพ.สต.,"ตรวจคัดกรองกลุ่มเสี่ยง/สุขภาพ, น้ำดื่ม, ห้องสุขา, ที่จอดรถ, WIFI",13,ผ่าน,VALID,"บ้านพระบาทย้งหวีด, บ้านหนองปลาซิว, บ้านกลาง, อำเภอสันป่าตอง, จังหวัดเชียงใหม่, ประเทศไทย",district=อำเภอสันป่าตอง
289,โรงพยาบาลส่งเสริมสุขภาพตำบลบ้านสองธาร,เชียงใหม่,แม่แจ่ม,บ้านทับ,903246111,18.4640253,98.3065993,สถานบริการสาธารณสุข,รพ.สต.,"ตรวจคัดกรองกลุ่มเสี่ยง/สุขภาพ, อาหาร, น้ำดื่ม, ห้องสุขา, ที่จอดรถ, WIFI",,ผ่าน,VALID,"บ้านสองธาร, ท่าผา, อำเภอแม่แจ่ม, จังหวัดเชียงใหม่, ประเทศไทย",district=อำเภอแม่แจ่ม
293,เทศบาลตำบลแม่วาง,เชียงใหม่,แม่วาง,บ้านกาด,0 5348 9407,18.60137805,98.81657141,อาคารสำนักงาน,,"น้ำดื่ม, ห้องสุขา, ที่จอดรถ, WIFI",37,ยังไม่ได้ตรวจสอบ,VALID,"บ้านกาด, แม่วาง, อำเภอแม่วาง, จังหวัดเชียงใหม่, ประเทศไทย",district=อำเภอแม่วาง
294,ศูนย์พัฒนาเด็กเล็กบ้านสบเตี๊ยะ,เชียงใหม่,จอมทอง,สบเตี๊ยะ,848057355,18.3977485,98.6806538,อาคารสถานพัฒนาเด็กปฐมวัย,,ไม่มี,33,ยังไม่ได้ตรวจสอบ,VALID,"บ้านสบเตี๊ยะ, สบเตี๊ยะ, อำเภอจอมทอง, จังหวัดเชียงใหม่, ประเทศไทย",district=อำเภอจอมทอง
